target,directory,owner_site_or_contact,contact_path,why_we_fit,verified
1,MCPfinder,https://www.mcpfinder.org/submit,Submit form with contact-email field; free tier is auto-approved if gates pass (repo 200, permissive license, README>=500 chars, activity <=180d),54 remote MCP servers on mcp.zovo.one with permissive licenses and active repos; free tier needs no account,2026-10-08 (submit page fetched)
2,Influzer.ai,https://www.influzer.ai/mcp/submit,Submit form requires contact email; human review then they email you,"Form accepts https transport and hosted primary URL — our 30 hosted endpoints fit directly",2026-10-08 (submit page fetched)
3,MCP Server Hub,https://mcpserver.dev/,"""Submit your MCP server"" form on homepage",Aggregates hosted remote servers; zero-install URL fits their featured slots,2026-10-08 (search-verified)
4,Developers Digest MCP Directory,https://mcp.developersdigest.tech/submit,/submit form + published review guidelines,Directory of ready-to-connect servers; we supply live tools/list endpoints,2026-10-08 (search-verified)
5,AgenticSkills MCP Directory,https://agenticskills.io/mcp,Browse directory; owner contact via site footer/contact page,190+ server directory tied to agent skills content — good niche adjacency,2026-10-08 (search-verified)
6,MintMCP,https://www.mintmcp.com/servers,"""Talk to us about connecting your custom tools and data sources"" (contact form)",Enterprise gateway directory; hosted-token-gated endpoints match their managed model,2026-10-08 (search-verified)
7,BusinessMCP,https://businessmcp.com/mcp-servers,Directory site contact form / footer contact,Small curated business-tools directory; our paperwork/finance servers are on-topic,2026-10-08 (search-verified)
8,Enterprise DNA Directories,https://enterprisedna.co/directories/best-for/best-free-mcp-servers/,Best-for list; contact via site contact page,They rank best-free MCP servers; 30 of our 54 servers are free/open,2026-10-08 (search-verified)
9,SafeMCP,http://safemcp.info,hello@safemcp.info (published by owner on Reddit r/mcp),Largest free directory (28k indexed) no paywall — owner explicitly invites email,2026-10-08 (owner post via search)
10,ToolCompared,https://www.toolcompared.com/mcp,"""Built or maintain an MCP server? Send it our way"" — site submit/contact",MCP comparison directory actively soliciting listings,2026-10-08 (search-verified)
11,MCP Bundles,https://www.mcpbundles.com/,"Contact/submit via site; also publishes best-of blog they update",Hub aggregates 450+ API tools over one endpoint; reciprocal remote-server fits,2026-10-08 (search-verified)
12,wong2/awesome-mcp-servers,https://github.com/wong2/awesome-mcp-servers,PR to README (separate from punkpeye list which is excluded per s20261007 plan),Long-established curated list; our 32 mirror repos meet the one-server-per-PR format,2026-10-08 (search-verified)
13,cursor.directory,https://cursor.directory/,Submit via the cursor.directory GitHub repo PR,Huge Cursor-user audience; remote MCP URLs are first-class entries,2026-10-08 (search-verified)
14,Obot AI blog,https://obot.ai/blog/top-15-mcp-servers/,Blog author / site contact — pitch for next roundup,They maintain best-of roundups; pitch 2-3 strongest servers for the next edition,2026-10-08 (search-verified)
15,UI Bakery blog,https://uibakery.io/blog/best-mcp-servers,Blog author / site contact — pitch for roundup updates,"Best-of-MCP blog post, updated for 2026 — inclusion pitch",2026-10-08 (search-verified)
16,Stainless MCP guide,https://www.stainless.com/mcp/10-best-mcp-servers-for-developers/,Blog author / site contact,Pitch our most developer-relevant servers for their 10-best list,2026-10-08 (search-verified)
17,Geekflare guides,https://geekflare.com/guides/mcp-server-directories/,Site contact / author pitch,Pitch an estate spotlight or a guest note for their where-to-submit guide,2026-10-08 (search-verified)
